rank,number,frequencyCount,recentCount,currentDelay,F_i,D_i,T_i,C_i,Score_i
1,48,5907,21,17,0.245767,1.0,0.710643,0.252175,0.537358
2,18,6034,26,8,0.251051,0.470588,0.940041,0.251608,0.501767
3,27,6040,24,10,0.2513,0.588235,0.838807,0.250927,0.494865
4,76,5827,24,7,0.242438,0.411765,0.874338,0.250249,0.467436
5,3,5970,22,10,0.248388,0.588235,0.75025,0.249782,0.467195
6,12,6076,27,3,0.252798,0.176471,0.983152,0.250757,0.456231
7,37,6016,26,4,0.250302,0.235294,0.943044,0.251629,0.455388
8,19,6087,22,9,0.253256,0.529412,0.730733,0.251191,0.451317
9,11,6184,17,15,0.257291,0.882353,0.463968,0.250323,0.442913
10,1,5955,23,6,0.247764,0.352941,0.802869,0.249706,0.435719
11,80,6012,15,16,0.250135,0.941176,0.392427,0.250566,0.431117
12,14,6092,26,2,0.253464,0.117647,0.930366,0.251379,0.428954
13,58,6091,22,7,0.253422,0.411765,0.730066,0.251387,0.427677
14,64,6000,24,4,0.249636,0.235294,0.845479,0.2512,0.425833
15,16,5975,27,0,0.248596,0.0,1.0,0.249874,0.424554
16,9,6126,24,4,0.254878,0.235294,0.824461,0.252791,0.421419
17,46,6058,19,9,0.252049,0.529412,0.58522,0.250017,0.407067
18,23,6045,22,5,0.251508,0.294118,0.737739,0.251514,0.405901
19,72,5966,25,0,0.248221,0.0,0.901268,0.251291,0.395105
20,55,5934,20,6,0.24689,0.352941,0.656022,0.254129,0.392288
21,2,5881,16,11,0.244685,0.647059,0.464396,0.250264,0.392189
22,33,5960,24,1,0.247972,0.058824,0.852152,0.251611,0.392124
23,53,6039,25,0,0.251259,0.0,0.88909,0.249545,0.392014
24,59,6054,21,5,0.251883,0.294118,0.686121,0.250578,0.39034
25,79,6055,21,5,0.251924,0.294118,0.685954,0.250537,0.390294
26,30,5926,22,3,0.246557,0.176471,0.75759,0.252852,0.387109
27,75,6146,24,1,0.25571,0.058824,0.821125,0.253824,0.38558
28,74,6075,19,7,0.252756,0.411765,0.582385,0.250469,0.382989
29,56,5929,23,1,0.246682,0.058824,0.807206,0.251341,0.378199
30,70,6045,24,0,0.251508,0.0,0.837973,0.254524,0.377749
31,4,5910,19,6,0.245891,0.352941,0.609909,0.250863,0.377501
32,71,6070,24,0,0.252548,0.0,0.833802,0.249226,0.37575
33,54,6128,24,0,0.254962,0.0,0.824127,0.251208,0.373968
34,61,6034,22,2,0.251051,0.117647,0.739574,0.251177,0.370952
35,63,6023,21,3,0.250593,0.176471,0.691292,0.251503,0.36816
36,10,5919,23,0,0.246266,0.0,0.808874,0.250988,0.36674
37,36,5959,23,0,0.24793,0.0,0.802202,0.252257,0.365491
38,66,6004,23,0,0.249802,0.0,0.794695,0.250466,0.363443
39,42,5957,22,1,0.247847,0.058824,0.752419,0.250193,0.361883
40,24,6018,22,1,0.250385,0.058824,0.742243,0.250914,0.359736
41,35,5942,18,5,0.247223,0.294118,0.554454,0.251767,0.34968
42,78,6041,22,0,0.251342,0.0,0.738407,0.252044,0.347333
43,38,6029,21,1,0.250843,0.058824,0.690292,0.250091,0.344123
44,5,6067,21,1,0.252424,0.058824,0.683953,0.251953,0.343068
45,73,6076,21,1,0.252798,0.058824,0.682451,0.250197,0.342379
46,77,6026,19,3,0.250718,0.176471,0.590558,0.250813,0.33784
47,51,5995,18,4,0.249428,0.235294,0.545613,0.249875,0.335546
48,49,5983,17,5,0.248929,0.294118,0.497498,0.250443,0.33284
49,69,6020,21,0,0.250468,0.0,0.691793,0.250465,0.332771
50,44,6020,20,1,0.250468,0.058824,0.641676,0.25113,0.329634
51,22,6000,19,2,0.249636,0.117647,0.594896,0.249233,0.326736
52,28,5977,18,3,0.248679,0.176471,0.548615,0.250761,0.324635
53,29,5906,17,4,0.245725,0.235294,0.510342,0.252861,0.324451
54,39,5955,20,0,0.247764,0.0,0.652519,0.249202,0.319925
55,15,6012,20,0,0.250135,0.0,0.643011,0.248237,0.317591
56,8,6039,20,0,0.251259,0.0,0.638507,0.251896,0.317309
57,34,5917,18,2,0.246183,0.117647,0.558624,0.251715,0.315315
58,20,6023,19,1,0.250593,0.058824,0.591059,0.252997,0.31486
59,6,6023,19,1,0.250593,0.058824,0.591059,0.251004,0.314461
60,25,5990,18,2,0.24922,0.117647,0.546447,0.251953,0.31262
61,65,6122,18,2,0.254712,0.117647,0.524428,0.250539,0.307379
62,43,5991,16,4,0.249261,0.235294,0.446047,0.252445,0.30614
63,60,6026,19,0,0.250718,0.0,0.590558,0.249884,0.30236
64,41,6079,19,0,0.252923,0.0,0.581717,0.251851,0.300762
65,26,6017,18,1,0.250343,0.058824,0.541943,0.249925,0.299436
66,31,6053,18,1,0.251841,0.058824,0.535938,0.251677,0.298434
67,13,6008,14,6,0.249969,0.352941,0.342977,0.249201,0.298312
68,45,6082,18,1,0.253048,0.058824,0.5311,0.251398,0.297289
69,50,6096,14,6,0.25363,0.352941,0.328298,0.251739,0.295514
70,67,5963,18,0,0.248097,0.0,0.550951,0.249606,0.289635
71,40,6011,17,1,0.250094,0.058824,0.492827,0.250707,0.284782
72,32,6051,17,1,0.251758,0.058824,0.486155,0.250372,0.283213
73,68,6029,16,2,0.250843,0.117647,0.439708,0.251186,0.280932
74,62,6026,16,2,0.250718,0.117647,0.440208,0.250249,0.280857
75,47,5833,17,0,0.242688,0.0,0.52252,0.252426,0.280047
76,57,5943,15,2,0.247264,0.117647,0.403937,0.250143,0.268918
77,52,5904,16,0,0.245642,0.0,0.460559,0.251186,0.262097
78,7,5973,9,8,0.248513,0.470588,0.098232,0.24959,0.248059
79,21,5964,14,0,0.248138,0.0,0.350317,0.25161,0.229858
80,17,5961,7,6,0.248013,0.352941,0.0,0.251535,0.195299